X,Y
-5.502474283426381341e+00,9.184230834174926805e-01
-6.333748123071048397e+00,5.835597759104116378e-01
-1.084489837231983600e+01,-7.553522726562745149e+00
-4.561782306898890305e+00,-1.245907000557023192e+00
-2.984048284897794723e+00,1.463645289643544789e-02
1.771335216882676811e+00,6.345082658656134855e-01
-9.751573566587453001e+00,-5.203026198176282868e+00
-1.151023635028088776e+01,-4.162843213812080556e+00
-7.726757948652348773e+00,-5.866565633916548173e+00
2.307660856403845884e+00,1.901931843914300702e+00
3.359375386531025853e+00,9.035209713890773875e-02
1.508273199146640708e+00,1.275697247945338786e-01
-8.555451300964330485e+00,-5.035368003422989069e+00
2.049309120001355122e+00,8.126445622252649326e-01
-8.817189748865260412e+00,-4.579256336672505867e+00
-1.512547599875121662e+00,-2.171790883629719282e+00
2.387060262023580570e+00,1.139182087570350221e+00
1.533954824512696602e+00,-1.659702764129906694e-01
-8.893149803175679935e+00,-5.327495942171250221e+00
-7.035285456338817411e+00,-4.634899727873357911e+00
-9.290995448114399480e+00,-6.110015326196258201e+00
2.079142601651770672e+00,1.815532419165545308e-01
-8.992939211551535195e+00,-4.799269444060295875e+00
-3.365313627481098635e+00,-1.208979829718108967e-01
-8.145691166643109327e+00,-7.001194954819966121e+00
-5.205482590849946689e+00,3.055425563888206630e-01
2.542375985566152075e+00,-2.138111688549207967e-01
-3.776237866190844006e+00,-4.764827580700170540e-01
1.820257673224886297e+00,-9.822955314850045916e-02
-8.820108592518050017e+00,-6.845389771614625474e+00
-5.662915648857254070e+00,-1.460638672420102591e+00
-9.464436766348976349e+00,-6.540657248342110819e+00
-5.739123164484547068e+00,-9.246677323146665906e-01
2.757431429362247499e+00,8.372865211238169625e-01
2.036624222695040842e+00,3.131344530660924996e-01
2.262468362249872911e+00,7.310583262902834445e-01
1.755859152771022114e+00,-2.825718930031082543e-01
-4.775194127556180668e+00,2.359569373116657542e-01
1.701763056077054248e+00,4.545765386065995783e-01
-9.022694729242932254e+00,-4.365698259762822886e+00
-1.081360227882689706e+01,-5.049525330241016796e+00
-8.147798210219306725e+00,-4.878821277170504622e+00
-5.786645925965366644e+00,-1.781627412891872098e+00
-6.161441293337347247e+00,-5.742975829599545889e-01
2.149850945817302961e+00,1.181021228159759406e+00
-8.094215850782051191e+00,-5.774927393389063468e+00
1.404242650323956454e+00,7.000645707554313812e-01
-1.043085066821211626e+01,-6.234084368027341228e+00
-5.560682810184623293e+00,-1.608935275589248759e+00
-4.268274074688252817e+00,-3.195620231053913685e+00
-2.719570037939102569e+00,-1.128242926965390192e+00
-4.308533429866264974e+00,8.803810667701752468e-01
-8.405901057585934311e+00,-4.795570271504209892e+00
-9.956645364230686468e+00,-6.052123886405972542e+00
-4.891454771257881973e+00,2.676851435201476725e+00
1.725121488426542893e+00,2.975202411171364858e-01
-8.536163941790769982e+00,-5.625843913418276721e+00
-5.390459112500757044e+00,1.943689209842220045e+00
-3.911464831924565289e+00,-1.489597508660798209e+00
-6.869141505001167047e+00,-1.192803586474277644e+00
-3.638229531326722110e+00,-7.768934309901789348e-01
-1.007645003637809467e+01,-5.399924249770204021e+00
-1.548099110014446111e+00,2.719736088305754862e+00
2.652025577280005653e+00,4.881142020330846987e-01
-2.826095397485807403e+00,5.076623099205805900e-01
-4.414768280555209756e+00,1.738479916553684890e-01
-8.981104302160376918e+00,-5.746658988105250998e+00
2.274627154829379272e+00,9.125780208857758868e-01
-5.952834550042028106e+00,-8.617730804063383765e-01
-2.538277511471807024e+00,1.382267619399574432e+00
-4.635996990993114686e+00,-7.318927543555766579e-01
-6.167126641473744009e+00,-5.283551438077335183e-01
-4.828233006546232886e+00,4.413046490519836329e-01
2.097482076500537307e+00,-3.665597214771010304e-02
-8.424578320056511416e+00,-5.322646635548799132e+00
-2.446531148875281225e+00,9.753705158320060686e-01
-3.077407904674418937e+00,1.166970288350936080e+00
1.298704806726278971e+00,1.310661431874729832e+00
2.314971659124588577e+00,8.318557384006841637e-01
-4.407906804556533054e+00,1.843390846183584064e-01
-8.803196779175221920e+00,-5.586249568728141490e+00
-9.378284814261244051e+00,-3.665080577500814840e+00
-4.706690002768236347e+00,-2.120143599463808481e+00
1.574756970485115648e+00,7.980437514718436987e-01
-8.731371979285626139e+00,-4.586968683907697297e+00
1.801899871559340838e+00,2.990979365481084007e-01
2.486993874792009063e+00,6.255196356269872027e-01
-9.450179105860806672e+00,-5.925277488227979283e+00
-9.345123810940425102e+00,-3.518924404547934426e+00
-9.458498793825649287e+00,-4.522199595775289183e+00
2.436047781794708822e+00,-7.275387919918081536e-01
-7.409422733049565224e+00,1.705134037910123634e+00
1.991097563668315029e+00,4.412178883036026455e-01
2.101438517713769105e+00,1.257173364258586057e+00
-6.326383428893940675e+00,1.511524120629531009e-01
-7.152414572204548904e+00,7.199826503896538110e-01
2.363314747261350934e+00,4.466500842425418782e-01
-2.823355947351220419e+00,8.950049200824660156e-01
-3.765028514826948669e+00,-5.716776505236990102e-01
-9.937613651229510126e+00,-3.868097995638365205e+00
1.942681881266331123e+00,6.342843658660862749e-01
-6.867092087363953823e+00,-5.766832601085386756e+00
-1.009081077375748237e+01,-5.469534833878374691e+00
-3.916399952137764373e+00,8.111508310464590199e-01
-9.808596178487952955e+00,-6.943026214643360561e+00
1.328217853735227605e+00,2.266011453697118760e-01
-2.823404270345807987e+00,3.582678652473378023e+00
1.823998226569479852e+00,2.083310580399735379e-01
-8.901983591028809428e+00,-6.451543989959994896e+00
-4.910049866039811306e+00,-1.358275861843704746e+00
1.378593060283168636e+00,5.732818811488612498e-01
-1.055614085703477834e+01,-5.978412343997302258e+00
-8.971840276974303308e+00,-6.042117234130714998e+00
-9.255680682222607203e+00,-6.744031624077560849e+00
1.799493835785817009e+00,1.427846287979082751e+00
-1.936788141333554147e+00,-1.550115862373802944e+00
1.773665729700261151e+00,4.412031774377553894e-01
-4.455005865691038736e+00,2.910371944410510725e+00
-3.867878943480496545e+00,2.500498981857255387e-01
-9.985752104328673440e+00,-3.981103746344370364e+00
1.845435360073769182e+00,4.958093590703672171e-01
-5.455412140429338308e+00,2.820298949375237285e+00
2.080343893140265354e+00,1.099320513435703806e+00
-7.613221858608172354e+00,-5.590643549105037913e+00
-3.819003237360553360e+00,-1.780017210712435904e+00
2.313650730591258586e+00,6.502279633545048343e-01
-4.893004361027054827e+00,3.054251989269494150e+00
-4.062088810142344464e+00,-1.669102188949505461e+00
2.567260733629155744e+00,2.316076999750357746e-01
-1.048775260505592755e+01,-4.923099426617135066e+00
-9.625016349341692035e+00,-6.742680554790466907e+00
2.041961835670521364e+00,-5.036761427609719455e-01
-8.546062457654809208e+00,-8.344645308142720097e+00
1.680920572880769237e+00,9.192880354146391042e-01
-2.455365949455454277e+00,4.220479653352887661e-01
-4.672156223609914782e+00,1.185570973280615892e+00
-8.403877187562146744e+00,-4.554457631282436303e+00
2.170967959488568688e+00,3.498983579874378469e-01
1.526923958236190870e+00,7.927242696659633214e-01
-5.950321956921621691e+00,-1.431498067859861556e-01
-4.981880315637971179e+00,1.775676036055414020e+00
-4.123347759098871634e+00,1.897147878193844228e+00
-5.757794691705092838e+00,-9.879168548040409004e-01
1.915706578721348086e+00,1.371840763405319574e+00
-3.476860971502473419e+00,-1.507182491862745000e+00
-8.571757617701857512e+00,-4.103543944414995259e+00
2.150974511320449256e+00,-2.825893872491730408e-01
-3.915297453758447510e+00,5.265545966191228500e-01
-9.473395756144961766e+00,-6.612091416470406102e+00
1.578837928679462044e+00,2.456338271099250958e-01
-3.973013168136672046e+00,-2.696475479010923770e+00
-3.139343608764618043e+00,-1.498171860184507320e+00
2.204762238881189607e+00,6.675488623439346236e-02
-9.133838672648842305e+00,-5.149702781458045386e+00
2.705996054281523122e+00,2.496365581524497279e-01
2.294249324867051687e+00,2.222620703691862154e-01
-8.716938517420240728e+00,-5.101671999912374744e+00
2.304380226675731169e+00,7.510716194832128823e-02
-8.384762171606821468e+00,-5.700286381648683509e+00
2.633914447471121356e+00,1.479787646970786019e-01
2.258163471685842527e+00,3.438311282981537098e-01
1.731707672737419657e+00,-2.305181336704310580e-01
1.620763422919557994e+00,-1.358843590387476263e-01
1.769884049999502551e+00,5.808842000352856250e-01
-1.076695868882340790e+01,-4.060868426839297385e+00
-8.509736563079540517e+00,-5.548222006105011594e+00
-2.314613733737113321e+00,1.383861577670283616e+00
-9.275362093515740369e+00,-7.831676532151206516e+00
-8.548136231217689840e+00,-4.800537216263536244e+00
-5.670259334448887856e+00,7.868576303143169914e-01
-9.887227995840515149e+00,-3.703889852355595202e+00
-7.312582935662957695e+00,-3.986559956609631250e+00
-3.461082778300352825e+00,-1.429921004058753553e+00
2.122721864382424606e+00,8.671225251288624536e-01
-3.206025591467358105e+00,-1.675047137022639410e-01
1.872733788760374107e+00,3.612540963811398664e-01
-8.456108399009769627e+00,-5.294892914233638948e+00
-3.812234530634122542e+00,7.276878442552119353e-01
-5.248291777424448412e+00,-7.592027200505087059e-01
-5.178614132748890597e+00,2.031126009113981001e-01
-9.410355135812435989e+00,-9.986220832577230588e-01
-9.350320280908551496e+00,-6.140991453546972068e+00
1.666385103190934469e+00,6.511751927570604837e-01
-3.340832089208299216e+00,-1.041103011634952669e+00
-6.684372690601087186e+00,5.636903747153138022e-01
-6.515727542990765286e+00,1.712292007603284372e-01
-7.848106211740860871e+00,-6.092517905858191085e+00
-6.971051876748680876e+00,1.437507999044043361e+00
-2.021345056133874163e+00,9.705274854040706334e-01
-2.334922825652210321e+00,-1.203796646462527598e+00
2.219195349270025819e+00,1.955493421676540167e-01
-3.884949195946297174e+00,3.730408480785473158e-01
-8.174171264494686895e+00,-5.086174567239867272e+00
-2.663173960664459106e+00,2.099616423424762068e+00
1.985949146893275286e+00,1.441237930849592619e-01
-8.336960917982130681e+00,-5.960435661368357785e+00
1.689901330634174359e+00,-2.252972894836408058e-01
-4.797480060367432131e+00,7.400882857728148245e-01
-1.041163680232388344e+01,-6.052366381263853512e+00
1.676197474842507473e+00,3.812147268183908033e-01
-8.025949594181359004e+00,-4.108448035658976316e+00
1.867207735123362689e+00,-5.600382806131509739e-03
-8.350802507786802664e+00,2.631966673687217151e-01
-8.393513147133813135e+00,-6.099627276197774783e+00
-7.934291205622123755e+00,-5.192398923088441087e+00
1.553461787439696762e+00,1.219084199110041844e+00
-5.833103309354658705e+00,7.901228042198272794e-01
-8.593432405110972283e+00,-5.480609502003649602e+00
-1.085714670695628392e+01,-5.995256860547630851e+00
-3.398307592274002253e+00,1.104946357799595047e+00
2.521192085949099937e+00,5.171671480481802030e-01
1.611760546239699554e+00,7.885738704546889632e-01
-6.184605081968928886e+00,-1.007448207932307271e+00
-9.343050761832870421e+00,-5.253490231013390854e+00
2.059958950612978068e+00,1.089691499840128586e+00
-5.376024300568198910e+00,1.045064601711689578e+00
-5.118186495666444458e+00,2.323484179411661188e+00
-6.183531837757767491e+00,3.037717550909234121e-01
-7.741933135999337523e+00,-4.784260933402038951e+00
-5.729839250499185077e+00,-2.703255625426328912e+00
1.806515449569772613e+00,7.131091984690998142e-01
1.882667384838746072e+00,1.402630287512742213e-01
-8.920839468293452867e+00,-6.966285033161949691e+00
2.026798896305750386e+00,4.522863024536967202e-01
1.577042215252806523e+00,7.734904139993467043e-01
-2.151274665325336954e+00,-1.390284554582337517e-01
1.857519990855071690e+00,4.278549553116661741e-01
-8.771117287117897732e+00,-4.838488693037811039e+00
1.812720670132289547e+00,7.118867084708799808e-01
1.836005839287341512e+00,-9.209357140157496957e-01
-5.880334897024919627e+00,-1.696569759451923121e+00
-3.824958192684452030e+00,2.222203630415907405e+00
9.718480568791393326e-01,8.965372604572913184e-02
-4.688652313171636443e+00,-1.074982071188854693e+00
-2.543157190940057877e+00,3.589376450065628887e-02
-3.924227552249533346e+00,-1.947821139614672958e+00
-9.193999478625528354e+00,-6.621157643158246842e+00
-8.191100768858927239e+00,-5.859890147275826244e+00
2.020806672956867889e+00,5.106977570892208274e-01
-5.157458341679720171e+00,1.599791967005769422e+00
2.066251109993245905e+00,8.390364594923971353e-01
-3.113610086111597397e+00,6.402637247931518560e-01
-3.668664139737446650e+00,-1.377993690706249552e+00
-9.653622252550889016e+00,-6.125072459332240093e+00
-9.194194368955791674e+00,-5.892271967158594137e+00
2.683945764712239779e+00,1.205920353028817171e+00
1.830705474678147704e+00,4.332345314719547313e-01
-9.995683685925168760e+00,-5.955733233909549007e+00
-4.162288621138181099e+00,2.228330231314035181e+00
1.791851562878981952e+00,5.083321371751294837e-01
-9.797554558835347649e+00,-6.607845086101971077e+00
-1.026268390095009764e+01,-7.199285459698817391e+00
-8.534474338619329359e+00,-4.767414276319720479e+00
-9.199884809597831392e+00,-6.288214107139803666e+00
-8.749329496606184975e+00,-6.663393459988496303e+00
-9.657686797364579689e+00,-7.543348337965548822e+00
-7.939069917346722960e+00,-6.266649488049494288e+00
-4.211804949294048583e+00,-2.101367066975993736e-01
1.412738888378608948e+00,-2.165673774529500717e-01
-5.664088169640856485e+00,-6.512415266474759212e-01
-8.030265072125125414e+00,-5.493959743403280527e+00
-3.665469195268695746e+00,-3.645755923633453577e-01
-8.058082057572692136e+00,-6.965879993849869223e+00
2.128942097151980128e+00,1.101652107208983766e+00
-7.815956508274231496e+00,-5.802258321966313304e+00
1.628217303262877946e+00,2.865110868891210250e-01
-8.999252403692970859e+00,-7.200670249907680898e+00
-6.885946986429333450e+00,-5.724297730206517443e+00
-2.787223123038494510e+00,7.853791796340399145e-01
-3.688147227795942840e+00,-1.781287703287233182e+00
-9.394362193822439977e+00,-5.774365183185527606e+00
1.624180069435251283e+00,8.498898102204401894e-01
-9.876978199480310749e+00,-6.828510172321480276e+00
2.117558985425585849e+00,3.791584244181789298e-01
2.570960946529419644e+00,8.239490869020522634e-01
-5.777139757700434863e+00,-9.956636721400020651e-01
-4.135591759930856703e+00,-2.399245813397821170e-01
-1.021171253731203343e+01,-5.195108098951394027e+00
-7.382089652134171232e+00,-5.634106645952650538e+00
-6.736442287362298664e+00,-9.234972564331473954e-01
-1.049628062555615671e+01,-6.491847069169610407e+00
-9.058047839691910852e+00,-5.906334006838946493e+00
-7.585679662869474704e+00,-5.341311626305161653e+00
-3.784501586378977933e+00,2.901193184114907009e+00
-4.566056971812709975e+00,4.423736008941268616e-01
1.117978375393447577e+00,3.304963813763631686e-01
-5.440372186019502010e+00,-1.125377852639309673e+00
-3.399877582393173281e+00,2.520881266024214140e-01
-8.026884351057704592e+00,-6.423856676604751570e+00
-7.693198774684037566e+00,-5.162044072814130580e+00
-4.460291928647723836e+00,-3.916662924042198846e+00
-8.132388849295546507e+00,-5.593188626083723136e+00
2.743071173916070471e+00,9.721158242516707571e-01
-4.712631642588583247e+00,1.770020300423328141e+00
-4.248229621670443379e+00,-5.227340960290390859e-01
-9.739415720160318202e+00,-5.288140112385308456e+00
-7.850598014653881407e+00,-4.760164223966643071e+00
-5.907953234323975344e+00,9.011157013857029607e-02
1.949161705594855798e+00,7.722501386152920144e-01
-7.987776097367330408e+00,-3.869927365165001909e+00
1.300408726374088442e+00,1.049116533912553884e+00
-4.417175305276249908e+00,4.221588419991889052e-01
1.668332053226132761e+00,5.188767623452726907e-01
-6.250226807435927512e+00,1.435086619970142419e+00
-5.308749784511051395e+00,3.210973566526447165e-01
-8.777066556784129503e+00,-4.573753794156703911e+00
-7.521521223373707876e+00,-6.045940467469324453e+00
2.479806681092737275e+00,9.842625424990323335e-01
-1.030126088987146993e+01,-6.061182213680845976e+00
1.926068392083530423e+00,-1.580166088718134576e-01
-2.350469896688799132e+00,-2.009686017481275400e+00
3.024210390055539044e+00,-6.885647282543851944e-01
-7.933560639749527077e+00,-6.362795997228529288e+00
-4.819133069781374346e+00,1.828862400620000495e+00
1.760381726289607540e+00,2.364206265732660128e-01
1.783249043377444831e+00,2.893632056620444315e-01
-8.963914682963046943e+00,-4.514612856623680059e+00
1.974895200484711344e+00,2.628528271556068718e-02
1.970798548310024989e+00,8.753173580491058203e-02
1.886310084888937366e+00,1.403060641922696528e-01
-9.341532359082345138e+00,-5.499568305036008020e+00
-3.345871051224110992e+00,1.609113445659458019e+00
2.415784989631020174e+00,-5.066792289486454770e-02
-8.077309939726260879e+00,-7.065925200396148576e+00
1.253621908361500337e+00,2.273835097743115430e-01
1.528418094895756862e+00,1.260365167602811809e+00
-7.740962558240732427e+00,-6.564113889229791887e+00
1.569711611060461198e+00,-5.131432360026637607e-01
-9.705823161071547744e+00,-4.815518558747404754e+00
-8.246724503364511349e+00,-5.480402568381161466e+00
1.257594910550160261e+00,8.891144144492477697e-01
-2.737335788780101975e+00,1.945345190733334950e-01
-9.485653869741129895e+00,-4.976565533174147404e+00
1.535230098127041032e+00,3.167095511550549469e-02
-9.142078677217099880e+00,-4.971732123831776207e+00
2.283997559793993659e+00,5.314451267400055468e-01
-4.681201677774525116e+00,-1.221783384379131476e+00
-3.926177658893303946e+00,-8.126620134769274584e-01
1.204354696554786663e+00,-1.054486880514391212e+00
1.219691204829413067e+00,1.955695773145074701e-01
-4.627739054106662309e+00,-1.328456089634576731e+00
-8.807819934788410521e+00,-6.470345596567668167e+00
-9.046394299288859742e+00,-5.232851209869833653e+00
2.788347937918498776e+00,2.467254267328438111e-01
-9.558260265845536452e+00,-4.207130582572707667e+00
-8.415011160745432761e+00,-6.359745922210557900e+00
-7.315257853001239319e+00,-5.111588448624166503e+00
-8.103443144987233282e+00,-6.073298166608394943e+00
-7.837322653920838711e+00,-5.029869889519853920e+00
-4.855248018846883618e+00,1.752986522601696961e+00
-1.682037133220656955e+00,-1.082123861650877261e+00
-3.689415806982494050e+00,-3.227590111956673447e+00
-2.760351203843994128e+00,-2.117341137620544878e+00
1.514717371464574303e+00,-3.694742375993698147e-02
-4.559199337587040546e+00,3.840631835751480150e-01
-1.035588643027156763e+01,-6.205049631031504198e+00
1.893346288976569758e+00,1.699460654469596155e-01
2.535244606603568318e+00,2.181278450750273046e-01
-8.976483486008973500e+00,-4.206185074858049155e+00
-4.481802657501170906e+00,1.058206096530985185e+00
-4.209688972806826968e+00,8.740597066508930535e-01
-9.157604179225149466e+00,-5.171061685578207445e+00
-9.191527953847023369e+00,-5.737635721590749860e+00
-7.667984673477960200e+00,-7.108247836662950014e+00
-6.016442905612285230e+00,-4.346449958871800856e-01
-3.835575686812177754e+00,1.505998520504156168e+00
1.455222063678190514e+00,7.978137771452042948e-01
-8.367659962618894554e+00,-3.695710255268064515e+00
2.121858738702484981e+00,4.613543500566485989e-01
-9.217604790322953434e+00,-5.464759321313160001e+00
-1.108278662607498788e+01,-6.760130230724132439e+00
-9.100802542903990044e+00,-5.267445212002775712e+00
1.805723242362457626e+00,7.370184334008933469e-02
1.547431557052385109e+00,5.123193474839391470e-01
-3.590785482226130032e+00,8.111165028725995096e-01
1.306583864797067340e+00,9.771858548450458315e-01
-2.725348057506546962e+00,1.116831564942655231e+00
1.629607997386084861e+00,1.178396514767434677e+00
2.098991161199382116e+00,-2.313341409821568773e-01
-1.067417277649352947e+01,-5.043762239242748358e+00
1.569446878473851781e+00,9.099045233964189183e-01
-8.504406492236247672e+00,-6.690351639211202794e+00
1.978059559391271760e+00,2.617424457075160360e-01
1.967587456277510416e+00,3.467219463247271927e-01
2.441269571569447461e+00,1.188898115253557819e+00
1.395248806601518510e+00,5.944528408149474252e-02
-4.945395029742408965e+00,-6.300592671372832188e-01
-7.068138192771017181e+00,-7.042356049840691412e+00
-3.505361931985021329e+00,-1.133616757883737503e+00
-8.264461561503694043e+00,-4.698835716504532023e+00
-8.240016342310424236e+00,-5.499106838413569953e+00
-5.745477791295671821e+00,-8.208783686487615139e-01
2.324332377709457553e+00,9.141602894878173569e-01
-7.511483818043760863e+00,-6.000510457950852583e+00
-9.819555694936843437e+00,-4.055328515638176867e+00
1.231142065329836166e+00,-3.986483988765978648e-01
3.232797571855991592e+00,7.036445900260254183e-01
1.404027127859515112e+00,3.307163972219503423e-01
-6.761167025773134220e+00,-2.861362207271604952e-01
-5.208706928182964546e+00,-4.071467979151656147e-01
-8.440472333999096577e+00,-5.187092444710736494e+00
-7.761705906038805836e+00,-5.312939461383459516e+00
-8.337382468760006660e+00,-5.004819677571404668e+00
-8.180259759733942815e+00,-8.050581691709689736e+00
1.445353593973559336e+00,2.057578514846087336e-01
-9.290698181240941267e+00,-5.681725857637091259e+00
-7.937178175063769103e+00,-4.514453511692121168e+00
-1.005448414074703578e+01,-5.436392852475426807e+00
-9.474292765103964342e+00,-6.417347714732104080e+00
-9.864799634237110482e+00,-5.333179012810886022e+00
1.396552357415977941e+00,7.969748973631641809e-01
-9.772313637070487502e+00,-5.692617801020431578e+00
-5.632269660576008086e+00,3.125224987571953328e+00
-4.428792098381901354e+00,-1.731154070429996583e+00
1.312743667780593704e+00,8.604809529612154062e-01
-9.513388038711230621e+00,-5.596950914101225472e+00
1.700170427634635661e+00,5.291130106469663641e-01
2.292535506375521948e+00,5.298530397878159492e-01
-6.456099189163191809e+00,-8.224127634410942633e-01
-1.110039892967229314e+01,-6.337979400678471542e+00
-1.002731746550388792e+01,-5.820248574965109611e+00
1.414172922426115253e+00,1.089062068273601191e+00
1.181088126451972142e+00,-2.755750727351031770e-01
-8.498138418445284614e+00,-5.440122131920553272e+00
1.878922636075594621e+00,8.814307208410425698e-01
1.571226864458316053e+00,1.397138629896993223e+00
-7.541022794553884800e+00,-5.173554569015154314e+00
2.487759147640069557e+00,1.086101419311965577e-01
1.691704151574085824e+00,8.320975854624466095e-01
-5.147435088144677984e+00,9.990357845021172745e-01
-6.172026733253373365e+00,9.153700931650936568e-01
-4.950367476358284335e+00,-1.489596110860472500e+00
2.251805886879533425e+00,9.386487264564221666e-01
-7.567509750547060321e+00,-5.614287921286432059e+00
-2.185693580835232908e+00,1.824663988686330729e+00
2.427917594849322125e+00,1.795800820800494413e-01
-9.958776475873483136e+00,-6.649058808893305361e+00
-5.081928422095299602e+00,9.096055339848510002e-01
-1.028534257604224855e+01,-6.542283030010690226e+00
-6.352679519194473379e+00,-1.037089167069142226e+00
1.464756872643815822e+00,1.262161074514058789e+00
-9.394722571896501506e+00,-4.394165458505486122e+00
-9.601982736458223755e+00,-4.615951405878353064e+00
-8.763983390679308982e+00,-4.455401436361494660e+00
-1.304080908213951950e+00,-4.663027952326972425e-01
-4.889906919756034753e+00,1.664779344677696837e+00
-8.289527958546583974e+00,-4.103330010976549147e+00
1.727328842817783761e+00,5.529454166885453548e-01
1.593841177824527389e+00,1.018300589522485922e+00
1.948844100863054818e+00,5.395418031890539812e-01
-6.806383254346047629e+00,1.440115982797659955e+00
-8.946242066542575699e+00,-6.914582403136765976e+00
-8.556479108976137837e+00,-4.797960522807265704e+00
-8.581830426324716043e+00,-7.222561612908338091e+00
-4.284377006654351838e+00,1.691820461227800498e+00
-2.988457677839183368e+00,-1.473242632596776791e-01
2.148197213457977650e+00,7.987577624164270418e-01
-6.255145995782029900e+00,2.166566640968712321e+00
2.628520670254359093e+00,5.458975393843757962e-01
1.728297018049969269e+00,5.811115413367945459e-02
1.825240864530899287e+00,-2.191389104252010611e-01
-4.667543910996515777e+00,-1.770546327548388366e+00
-8.564838863559987914e+00,-5.248277192382497347e+00
2.416628696990596126e+00,-1.501007841650108254e-01
-8.811276009286505229e+00,-6.119318265801826584e+00
-4.045498569024308821e+00,-1.508896077084646681e+00
-4.081444595318163060e+00,-8.473028995605471625e-01
9.283718555936526506e-01,5.197117264328966479e-01
-5.168017065433665458e+00,-4.658953092569074750e-01
1.683094109416269024e+00,6.661672777841396442e-01
8.685085338689531032e-01,-1.145935016139719709e-01
2.074893063571442209e+00,7.313559765497531506e-01
-5.949670149404493458e+00,-7.173739886452169534e-01
-8.546892921479683380e+00,-5.793836901416742791e+00
-8.801041139245100453e+00,-6.491280077545328098e+00
-2.661530627278587247e+00,-1.609690119362717997e+00
1.781392227608943779e+00,1.396441486658874798e+00
-4.186168707198694605e+00,2.195882695630378301e+00
2.258939378437505141e+00,-1.133124389774493590e-01
-3.903823757059291744e+00,1.952308595891004139e-01
-4.945282917672659373e+00,2.381413074162309407e+00
-8.999443659040458954e+00,-5.145635658223758568e+00
-4.796657746281359103e+00,-1.146018550994244711e-01
-9.026662433738152913e+00,-3.944630156067233884e+00
-6.423313321470280002e+00,-1.298536367324323315e-01
2.534355538482065295e+00,2.035423811190190113e-01
-1.074049057730672274e+01,-4.842183047056214384e+00
-8.917796503936676444e+00,-4.237337149627793842e+00
-9.567779852047678446e+00,-5.998867818009906649e+00
-4.707523505895496285e+00,1.012472572191021936e+00
-1.024923414029128743e+01,-5.912453826661353773e+00
-4.304643665740316649e+00,-3.809241714276475621e-01
-8.177601403929728008e+00,-5.247909654632975318e+00
-9.281041955409193633e+00,-6.597774763189617531e+00
-9.645882251027240173e+00,-6.275187342857959649e+00
2.027695439400311272e+00,1.305415744205402850e+00
2.009830541582501517e+00,6.537605179001798605e-01
-8.223415781922735590e+00,-5.769734414894044150e+00
1.689026364123898061e+00,1.262788042187929394e+00
2.643607764817883066e+00,-2.133250754332456367e-01
1.447293559888735315e+00,-3.746900378490775063e-01
-6.427739535020620565e+00,-5.178356755612014695e+00
-7.488787146179560317e+00,-6.379566119627492427e+00
-7.635549727929067387e+00,-6.307742222049331104e+00
-9.528058684769105113e+00,-4.391448095924025630e+00
1.764102853671715376e+00,9.978314486992143628e-01
-1.003012797783472010e+01,-5.140980735444632188e+00
-3.853340594994817625e+00,-1.296344880563095048e+00
-8.121022102232164031e+00,-4.300281980210251653e+00
1.869402822495155991e+00,5.788519355157804025e-01
-8.038559660598759038e+00,-6.267220630337819287e+00
-2.803481869710747532e+00,-1.989530859741524438e+00
-4.047443212467046081e+00,-2.059799223236524757e+00
-8.625776304657067683e+00,-4.358715868753495037e+00
-9.522247154799172719e+00,-3.749794440978905463e+00
-5.021319267510582662e+00,-1.957202017665974125e+00
2.067369654539178647e+00,-3.413329303955736638e-02
1.149593441684221506e+00,1.245551256314070931e+00
2.416655462874759852e+00,4.008552647364642119e-01
-4.395192005266224555e+00,-1.447026816076823375e+00
-8.188561662448762490e+00,-6.011656726161955788e+00
2.162802229648271624e+00,-9.762259225641192195e-01
1.389575472250886179e+00,-1.082194562820752992e-01
-2.811770636356186959e+00,-7.407196082151807914e-01
-6.607798621083947666e+00,5.264206568174240042e-01
-1.030445935796057100e+01,-4.317792831514646323e+00
-2.770194440155988147e+00,5.732872868355727292e-01
2.837948725456024945e+00,8.983606278369238307e-01
1.615327488130716027e+00,8.930832136310898894e-01
-5.875275697794693386e+00,1.366671393589573291e-02
1.623667861838465676e+00,1.339568589791138020e+00
-4.341211463633417367e+00,3.694616090457444102e+00
1.569340178858545265e+00,-6.298115509374515586e-01
1.911985758594284546e+00,4.216477261505851559e-01
-1.059787838044132613e+01,-6.698331427780945369e+00
1.948141454394139105e+00,9.348350586801639217e-01
-4.626661201663352152e+00,1.399568127189639188e+00
1.936627584155238724e+00,7.155426954348074187e-01
-9.520974978444227688e-01,-1.519832021790231025e+00
2.018171294032101049e+00,6.387560304247961174e-01
-7.084712104226935203e+00,-3.945744427232273921e-01
2.365174430242301451e+00,8.353621758587146395e-01
-2.271759323419835663e+00,3.775896873311070934e+00
-6.724498495358785632e+00,-6.255242854846359002e+00
-7.368880865153244919e+00,-4.278859525502531014e+00
1.366918973451260566e+00,1.134799387880215948e-01
-7.286775743305945241e+00,-5.177541613530738829e+00
-7.735257232171983688e+00,-5.747375120417079764e+00
-9.940503989183937961e+00,-4.959588810737746378e+00
1.887226713111033849e+00,2.506725542899457260e-01
-7.732611287283814860e-01,-3.349190413574351100e-01
-4.190942906996126815e+00,2.419260398340767892e+00
1.408983149590735007e+00,1.141563850599259577e+00
1.871709639798798896e+00,7.803556788500101149e-01
-9.292505554635647869e+00,-5.640008098269573722e+00
-8.349318523896076982e+00,-5.440823175136536349e+00
-6.016825374955777406e+00,-1.569461940219356366e+00
2.887084644257924104e+00,5.267937062337059162e-01
-4.159240053279325444e+00,8.526693241520284516e-01
-4.937796634949518371e+00,-8.255599451077852979e-01
-9.709441830814572683e+00,-6.132082050833358444e+00
-5.079843812475615117e+00,3.021705522933649246e-01
-1.027016980332296470e+01,-5.199851197331443409e+00
-6.992600455096932066e+00,8.984289453484569643e-01
-8.471446425811814507e+00,-6.874250993151850508e+00
2.247918093220318880e+00,9.800522430375474547e-01
2.497384095322994657e+00,8.916689011419038913e-01
2.863601556455911634e+00,1.149893215180719741e+00
-6.166336975554745692e+00,-7.495749613547439960e-01
-1.100551004055754589e+01,-5.764464290922993506e+00
1.999132236344815627e+00,2.050281365326145355e-01
-8.937611896425572411e+00,-5.005264304434753342e+00
1.733437320298665041e+00,9.249846843240756566e-01
-4.623176604854048577e+00,1.075859563393330998e+00
-5.247603899337051736e+00,2.183497986769804999e+00
-9.538116342445141171e+00,-4.964853526094101355e+00
-6.933706355651990449e+00,-9.766083260140039357e-01
-5.776589817737548316e+00,1.203856893847140785e+00
2.442435254938619682e+00,5.161288024453175582e-01
-9.169582860404844382e+00,-3.932998317934763399e+00
-7.963555975164389622e+00,-5.467007467972829104e+00
1.653221187674673409e+00,1.160736073901921017e+00
-1.151473590471435848e+01,-6.694924415944885965e+00
-5.113922210682958713e+00,4.816750817859421496e-01
-8.681065133347713569e+00,-6.190740656411945153e+00
-7.710540647467989395e-01,2.358489628623339662e+00
-7.194363024303383369e+00,-4.141055552994864719e+00
-4.496951425084419363e+00,1.658715442560959374e+00
2.185443415550199830e+00,5.392313284137677520e-01
-8.199585552543295464e+00,-6.264026096047736303e+00
-8.586395659636442801e+00,-6.072631111427506667e+00
-4.309588000234617411e+00,-1.067353324775093537e-01
-4.854816864242150309e+00,-1.321527976660674897e+00
-9.352452566916515053e+00,-4.534787716179758732e+00
2.025180339779194316e+00,3.311429539847221548e-01
-8.349709119539925339e+00,-4.789083214938361976e+00
-4.231016450104841731e+00,-3.033782866923222243e-02
1.792196803983324260e+00,9.614132320606199045e-01
-4.195685571788863477e+00,1.678457300948645425e+00
-7.361718975550113342e+00,-4.788827351831398182e+00
1.669535821815307575e+00,-3.230193681178498144e-01
-5.015024503103276743e+00,-1.959072751151145209e+00
-8.275593070854789346e+00,-5.852810600299909183e+00
2.288800305577472827e+00,-3.694383633013442747e-02
-7.501782770872857498e+00,-4.706107838756395267e+00
-2.728808525891322390e+00,1.020474476104301503e-01
1.196976291698830686e+00,4.549845442538564821e-01
1.183179590930947711e+00,1.242244623262839798e-01
2.932525654588551411e+00,3.153857915860777128e-01
1.519298814382303853e+00,6.442355569409369265e-02
1.451418322942261030e+00,5.257595578551296223e-01
-7.654586486775074583e+00,-5.684108871105499894e+00
1.882704029011828428e+00,4.981443022992290137e-01
-8.723477963934373136e+00,-5.924992843992597180e+00
7.812046405499817325e-01,8.353007413679729432e-01
-8.638334804565383607e+00,-6.099403699899242248e+00
2.624910861149446273e+00,-4.939953015922362578e-01
-4.610443076190779976e+00,-1.405139163400018099e+00
-6.641347362194522930e+00,8.207164784029675753e-01
2.306814540675393044e+00,-2.090992472541359781e-01
2.249569128930114736e+00,3.646007049551080459e-01
-7.308111156492315352e+00,-2.060692599155235172e+00
-7.098728398371672021e+00,-4.273039467465064023e-01
-1.074756927215095637e+01,-5.125495693262101859e+00
1.269016598516634176e+00,2.685222128517880114e-01
-6.089417171728154443e+00,4.232695082894115668e-01
-1.121661393902676096e+01,-4.332577893260634028e+00
-8.160789489267287422e+00,-4.118942524264562977e+00
-6.160431792071150880e+00,-4.073764141181678511e+00
-8.798567792794173670e+00,-7.148560015790688560e+00
-8.967813346010251152e+00,-5.500345311115798275e+00
1.440903496541299456e+00,8.387509404907449451e-01
-7.492410231865718195e+00,-7.330635301079193589e-01
-5.372231767591857832e+00,-2.302189896105925060e-01
3.023519339238046832e+00,2.690649463024555876e-01
-3.304351907913748221e+00,-3.284233816886128920e+00
2.178008438099789945e+00,-2.561426821761536576e-02
-8.004031607818145488e+00,-4.536816037463108131e+00
-4.604791240558204990e+00,-2.458357957759748080e-01
-3.328806218186975308e+00,-1.743252115613192821e+00
5.327187218113695888e-01,1.997246866294133949e-01
-3.872475731563127521e+00,-8.099516384414570114e-01
-6.014595441665559150e+00,2.222564769231049731e+00
-4.372489127124288721e+00,-1.478333207810165861e+00
-3.230492156092126699e+00,-1.832465989520746241e+00
-7.604012672521697880e+00,-7.426685900202874002e+00
-5.733886990962131058e+00,1.903308937520282296e+00
-4.198778120398259261e+00,-1.084612702335778778e+00
2.514191103614240141e+00,9.344644911716275537e-01
-1.159569637448156243e+01,-4.795047445872521408e+00
2.749491249290116457e+00,9.553000422329931407e-01
-8.862962622586104899e+00,-6.253897680291510497e+00
1.689797851764612613e+00,2.313955884278818265e-01
-4.046475759702056862e+00,1.546263323487774066e+00
-9.801308656352226478e+00,-6.306370764418758768e+00
-8.939672519514470395e+00,-5.380824504174190004e+00
-7.032100671047471607e+00,-4.473339029265778199e-01
-4.830392734657958265e+00,7.686841813974334414e-01
-1.068175921144237606e+01,-5.726276903682695263e+00
8.737198087646682598e-01,6.269178111586406477e-01
1.809637858841887326e+00,-2.574318159179533883e-01
2.023701644830480539e+00,2.212043467069160774e-01
-8.102855893300839440e+00,-5.551675513388911298e+00
-3.984841198394452277e+00,-1.760142557818935360e+00
-1.082778573524515231e+01,-4.422454848724887810e+00
2.515349931175315135e+00,5.565922830935630117e-01
-5.999931094631967277e+00,1.881654820915416249e+00
-8.246304151482073408e+00,-6.371484281966716345e+00
-9.216994200824562000e+00,-4.597121773280035129e+00
-4.288502760248695367e+00,1.112592323312343812e+00
-7.135797842012809866e+00,-9.951103860734373807e-01
-3.328590462159085384e+00,-2.939912069980628040e+00
-3.813283332702964934e+00,6.951598637069036357e-01
-4.462764449769800912e+00,5.406118127997151523e-01
1.454828435957679966e+00,-2.809982332564601171e-01
-7.738413492166086094e+00,2.404450581654974606e+00
2.688043258248703715e+00,1.600869362854929756e-01
-6.489128942451549698e+00,-5.274135727670369311e-01
-5.903874925825244091e+00,6.576557291745853684e-01
-1.101152193487601316e+01,-5.337328561112657077e+00
-3.957053188783985931e+00,-1.176496423099853139e+00
1.502709827904316731e+00,2.410528201198460785e-01
-6.198626617228584657e+00,2.812332415383972606e+00
2.013795153012395200e+00,3.697181334637860139e-01
1.389224363672649343e+00,3.659459704043839245e-01
-8.182351289163506181e+00,-5.285893286142305136e+00
1.557230927312255320e+00,1.220566097519260484e+00
-7.377092258173684414e+00,-6.490242301870132735e+00
-7.170618645047920126e+00,5.559406983588818241e-01
-6.921781273113662536e+00,-6.158921345018256055e+00
2.892331249917504454e+00,7.019647461097465735e-01
2.018457505963036525e+00,5.844361270860649604e-01
-7.841578470641692888e+00,-6.332707923775932279e+00
-3.258738365918636859e+00,-3.708388386896141475e-01
2.543821109888225518e+00,9.718927136671754452e-01
-9.867959861748225592e+00,-4.721011805729399491e+00
-1.051086333332844092e+01,-5.380456170986286146e+00
-8.475894829132267105e+00,-5.484486022812648187e+00
-4.793497820250262720e+00,3.135491393226663148e-01
-9.553795240292689783e+00,-4.900511386049290152e+00
2.114014640916450638e+00,1.402215736793591239e+00
-4.343480636046557208e+00,9.224984171893391149e-01
2.108885586458103756e+00,7.522600284194401743e-01
-9.305707812853322380e+00,-5.053854029957824956e+00
1.944629198500198441e+00,4.057038074918262738e-01
-1.015025753733911884e+01,-4.165858225756325695e+00
-9.074131916444558854e+00,-5.337412052648106808e+00
-7.899883860564754556e+00,-6.232373811866646740e+00
-8.893007981885755697e+00,-4.156208158427239674e+00
-5.076590118014689068e+00,-2.508654972631136459e+00
1.385546855204679018e+00,5.499635929087618447e-01
-9.612929092265988018e+00,-5.917305856503313422e+00
-7.305642741135351059e+00,-7.708025545287520153e-01
-3.928090535379872961e+00,-1.395676845117957976e+00
-7.942822873002961970e+00,-5.772221110010349321e+00
1.897597586318791052e+00,7.173247647024740825e-01
-8.415925344410849718e+00,-4.070484863567164879e+00
1.865501690923213385e+00,8.774951807061919240e-01
-4.855443260037445974e+00,4.917652670765939593e-01
-6.036622231026461449e+00,-6.847281205033921569e-01
-4.875877351321810771e+00,8.626852836901903743e-01
2.294731971796632131e+00,4.331056444390481985e-01
-3.420161069167420465e+00,2.667204222413694481e+00
1.541194377517900227e+00,8.895941631105237501e-01
1.866126637296997348e+00,5.554793684001736453e-01
-9.582073371322199051e+00,-6.079460047487451391e+00
-9.421272508817153835e+00,-4.631386022669913061e+00
-8.465647835381686193e+00,-4.926353273932068788e+00
-3.610531770518159433e+00,5.413348643557125417e-01
-7.626309971191282067e+00,-3.034058425206771492e+00
1.874423529555883761e+00,2.085610512922197457e-01
-9.966305558929716923e+00,-5.898777171449115286e+00
-3.345690671029489138e+00,6.850862941897741809e-01
-9.563248313842773740e+00,-4.271287239546434300e+00
-2.453917986469989820e+00,-4.120540571387875106e-01
-8.546496075553884353e+00,-3.886686314675851683e+00
1.076522662588017543e+00,1.052400262246912410e+00
2.379938357082262979e+00,5.597260498041871646e-01
-9.413126806231444377e+00,-4.703828782830467681e+00
2.281678047447007529e+00,2.415692596817977655e-01
-8.058936447276375148e+00,-5.564225191451341423e+00
1.197098184748317307e+00,9.486150120183878265e-01
-6.285841585457991876e+00,4.245904944046532847e+00
-4.585512825308383000e+00,-9.693871272637517578e-01
1.980183430719393733e+00,-2.917115279637492176e-01
-5.642516257842538074e+00,-9.857276985896263888e-01
1.318728709829706469e+00,1.424203972999215639e-01
-9.641833691293667741e+00,-6.625689978886216025e+00
-1.912484368314889327e+00,2.840968766255626554e-01
-4.052494196322061093e+00,-1.106637011273324811e+00
-3.498369498645447884e+00,-2.041053403914729003e+00
-3.679131853665643437e+00,-1.017987739306127071e-01
-8.968669169488844517e+00,-5.709827112132518145e+00
1.961870477105674970e+00,1.158346273545173499e+00
1.947036811357982122e+00,-1.196297157393411137e-02
2.246622736931035647e+00,2.974387221622055710e-01
1.863265426838919270e+00,9.270383189037644245e-01
2.799908140879764584e+00,7.466289234967873334e-01
1.552333016836309199e+00,6.739459994936920495e-01
-1.092129150414673511e+01,-5.779921025555500691e+00
-6.076598775821322462e+00,4.344544639566621846e+00
-4.813145272586401013e+00,-2.945935656399181202e-01
-9.745672782015565971e+00,-6.684091091125791806e+00
2.122177116186664492e+00,2.532035375051140402e-01
-1.855522746352648245e+00,1.072021653624400939e+00
-4.711689808519003542e+00,-2.926905898113259852e+00
-7.116320559023536774e+00,3.341551851071935531e-01
2.595137567900126285e+00,7.789939994049945859e-01
-5.771783256573153942e+00,1.328634048430457071e-01
-9.056056315405312418e+00,-5.116164756845116734e+00
2.418780657039864224e+00,4.583127381418696800e-01
2.214660283678547170e+00,1.885835600614387264e-01
-3.808601547311118996e+00,-3.305967242842450249e-01
-5.412360025026958787e+00,-5.164506002484233749e-01
2.902323353722620070e+00,9.469181543340184914e-01
1.884552220802220956e+00,5.570524708755225651e-01
-1.097385455162499213e+01,-4.433143913251300638e+00
-7.672010049911988538e+00,-4.744017085583839055e+00
1.671235299221992987e+00,4.315295338273361647e-01
2.906713958203170023e+00,5.149774964987068326e-01
-9.858546010733594045e+00,-5.872784880889062364e+00
-4.910330562058914161e+00,1.210190814087041877e+00
-5.404507898608321703e+00,-1.065115248953654392e+00
-6.092688272940019800e+00,2.965622782978530325e-03
-3.784479714413207851e+00,3.046845124039431196e-01
-9.470115000542456585e+00,-6.628823715954882623e+00
-5.752134412159575660e+00,6.757065400079513839e-01
2.031540035903678820e+00,2.955428869013257964e-01
-1.047765460147286554e+01,-5.468705250594639189e+00
-9.256010702753904695e+00,-5.956184597308534556e+00
-1.978901148558770196e+00,-1.403994251583892794e+00
2.485721150225247644e+00,5.612301345587439316e-02
-7.328657268136806735e+00,-4.400964369745739013e+00
-6.833411704510726992e+00,-1.990413468676979658e+00
-6.205062015043644408e+00,-1.961888864455457515e+00
1.400860111709182565e+00,4.413669195211911145e-03
-4.653474598088160441e+00,-7.266169149460466326e-01
-8.910099662978657520e+00,-4.431166890089698995e+00
-2.425772827295295642e+00,1.275082680295020587e+00
-7.507748127732275734e+00,-5.023280883181878487e+00
1.323934718767001639e+00,4.719534369993550471e-01
1.752779812172192697e+00,6.216446297483839700e-01
-5.871053068382219742e+00,1.945026147953906381e+00
-5.333711081011681898e+00,-1.338995874151557519e+00
-5.797981851530739306e+00,3.396052058031201470e-01
-4.703247033930759713e+00,-1.207830433265759451e+00
2.344899587293731713e+00,9.800897566858206567e-01
1.899389236807783821e+00,-3.958228863614656756e-01
-4.408787255629208701e+00,1.118698704446154712e+00
-8.723244154564708808e+00,-4.755611494169829534e+00
2.116770129286146940e+00,-3.584209948764892628e-01
1.735431583359065888e+00,4.382793746047055072e-01
-3.322717887419321947e+00,4.501067052772764893e-02
2.443161111775593142e+00,5.078541392019154666e-01
-2.235438775545488532e+00,-1.836472726737731431e+00
-7.392175315302856653e+00,-6.038955087311854264e+00
-5.367939622895984364e+00,-1.582693561195991361e+00
-9.906092436518392219e+00,-5.087900355038638800e+00
-5.365307849592052314e+00,-1.363922014379936876e-02
-5.586399182814488107e+00,1.377026780591465327e+00
-6.229401224441990514e+00,-7.381245125585870204e-01
-6.080288942905507810e+00,3.375014761257518620e-02
1.190114115007776974e+00,-2.119171870696370252e-01
2.757187312840522431e+00,2.263678362422560375e-01
2.525274600692251958e+00,3.677365563614806154e-01
-4.343146123810154968e+00,-5.778810707328504437e-01
1.797612075424857903e+00,7.529932457449510785e-01
2.014792073252154037e+00,1.394379925479524718e-01
-8.526895138096266535e+00,-3.761047702484197508e+00
-2.132126659143927405e+00,-2.477950914563605167e+00
-9.065471921511381481e+00,-6.056958784652266559e+00
1.787365040961133023e+00,7.729712245030072593e-01
-4.982404757269509155e+00,-1.026159295166661489e-01
-3.404215562156528208e+00,-1.764410973316804521e+00
-7.881754717295661905e+00,-6.313522165825298238e+00
9.983666215193000015e-01,-1.773000006243248272e-01
1.937239439596931012e+00,8.538090611642499272e-01
-5.146606939425462990e+00,1.161047556914778900e+00
2.308263067313570005e+00,-4.720212868128929040e-01
-1.015615387359866695e+01,-6.956891665485356313e+00
2.179902649034154205e+00,-3.730810120309435707e-02
-7.671803749710314868e+00,-5.755573691553282245e+00
-9.041249763599159550e+00,-5.750364173389873379e+00
3.091795117372732271e+00,-3.313612289399237021e-02
1.661147370067531437e+00,2.915187884757297621e-02
-5.775352718449052070e+00,1.497043054390164496e+00
-4.839517577582561181e+00,1.062895634512726950e+00
-5.317773838931842967e+00,-1.672888453683333054e+00
-9.114092199424289831e+00,-5.112848458674946528e+00
-1.091462339350366406e+01,-6.451831108695389894e+00
-4.979631269798765913e+00,-1.923944814937852854e+00
-3.652029808005051059e+00,2.189832917472763762e-01
-8.362809663419790596e+00,-5.676997583219264953e+00
-4.506864718436147221e+00,-1.892322886356101463e+00
1.462106452525266942e+00,1.044288595747330239e-01
1.217069249584602497e+00,1.031319105972785533e+00
-8.260799983426087678e+00,-4.097872587417719537e+00
-4.602988640465706105e+00,5.315406589591877839e-01
-8.574863564262777516e+00,-5.057894253852358801e+00
-8.493893223775687673e+00,-6.652329184382711702e+00
-8.414398803422342255e+00,-4.073733825930403007e+00
-8.626877609696812499e+00,-6.443753394556456904e+00
-3.643078231461444716e+00,1.989693990842810400e+00
-6.179508919861357086e+00,-4.655161572258421643e+00
-9.257562426461237948e+00,-6.098526716475189957e+00
1.826865509214407046e+00,6.001179012522087630e-01
-4.471130824171563489e+00,-1.896781897017674190e-01
-8.429515838955051521e+00,-7.749214516298581046e+00
-2.747767056705416877e+00,1.812571906063518146e+00
-9.297344465311569550e+00,-6.107487296955479650e+00
2.037097344563260748e+00,8.284353073976262749e-01
-9.988724152592618921e+00,-8.812245010992038274e+00
-1.101322029394562563e+01,-4.083084583119696909e+00
1.406568299703322644e+00,4.842028690794110690e-01
2.834242749367862579e+00,5.324072430150132984e-01
1.762998874049505948e+00,3.796462264167185796e-01
2.380526271467496180e+00,1.997013342932698055e-01
-3.432989147897064885e+00,1.843607612629629022e+00
1.675279841777755241e+00,-4.601527101585564106e-01
-8.934702575835311578e+00,-4.561768446596454751e+00
-5.005073799361137610e+00,-2.136038362200808560e+00
-9.555408482982659990e+00,-3.486566078854381523e+00
-2.825980067709286558e+00,-2.979594553278024360e-01
2.503626589004364078e+00,6.982683127286635205e-01
-9.547867093421904983e+00,-4.935483004067219071e+00
-9.717584189708249554e+00,-5.580161817556675175e+00
-7.819545989378717366e+00,-2.829654004569325476e+00
-5.954016565078875445e+00,2.896655516860813240e-01
-9.377887810125407952e+00,-7.760775292832283512e+00
-7.221913319571525491e+00,-6.090806081556273455e+00
-4.929078502709533183e+00,8.654721626699281023e-01
-3.143874667011932633e+00,7.025716316633044967e-01
2.008265627679501453e+00,4.490538256307110565e-01
2.357857905029574930e+00,6.534740413813544535e-01
2.090948537953557729e+00,1.001959387069857099e+00
-3.686468991993238742e+00,-4.990865271307505235e-01
-8.680537062697201378e+00,-3.078433447682060287e+00
-5.832068278751891377e+00,-2.276344730687344775e+00
-5.554955315963234774e+00,1.992120166550857219e+00
-8.596715976263080705e+00,-5.878370155861824209e+00
1.279636872322265528e+00,1.579892261720039492e-02
2.031982416881984221e+00,5.613099011909562508e-01
-8.307239276014126261e+00,-4.085452907643256637e+00
-5.457478780511835659e+00,1.260304914168185242e+00
-1.154933434705193385e+01,-3.071995651882053480e+00
1.658284432533954522e+00,1.261554251627443168e+00
2.890438098541932010e+00,-6.669688350893059336e-01
-5.010768909382721681e+00,-4.036283542387218981e-01
-8.395723491804629290e+00,-6.569844979496358484e+00
-8.899641996742072791e+00,-5.983046870413421203e+00
1.825625184900363518e+00,1.212977154385523004e+00
2.166613052044289667e+00,5.278684749302895440e-01
1.434759328722199356e+00,-2.878614686343017315e-01
1.405798257981810018e+00,3.456691549583509326e-01
-6.617317708170419976e+00,3.345485014191114992e+00
-5.120899450516061435e+00,2.771811042130286840e+00
1.826340491703028590e+00,9.914756442225837185e-01
-3.975926812941529498e+00,-1.043299277375014933e+00
1.722283181691397713e+00,7.448824855663233047e-01
-4.400928950503843140e+00,9.335420750168743620e-01
-8.472241302534719409e+00,-5.157158789490130069e+00
-1.889536780121872539e+00,2.682249585267064695e+00
1.999140073932716533e+00,-2.257385958757252009e-02
-4.570247315238859187e+00,9.017381543590941018e-01
1.630959697635436578e+00,5.084736473361759490e-01
-4.547683865220836452e+00,-5.803837314519655344e-01
-4.685514577766843658e+00,9.877058241857357146e-01
-1.040884091689629543e+01,-5.841057712923279688e+00
-1.100175006119820154e+01,-5.593637600578512448e+00
-9.688926228637900095e+00,-6.230276439852501902e+00
1.106815979118890958e+00,3.074128560747392269e-01
-2.209899096902194771e+00,5.641875437610583965e-01
-1.819828916429711008e+00,-1.819466222469633188e+00
2.160493426849884546e+00,-1.142343448794612693e-01
-8.362402798505339518e+00,-6.328731130775279823e+00
1.764879035681291564e+00,9.159006260228755858e-01
-4.356663356812935817e+00,-1.498929905262647022e+00
-9.080909987519156346e+00,-6.651663794484099057e+00
1.381238927857093124e+00,8.215612510588796713e-01
-2.094858322186911703e+00,-9.954440557405042078e-01
1.797014457687747591e+00,6.022695844351251271e-01
-8.707387577957806712e+00,-6.057452179025522021e+00
-9.114936708140046306e+00,-5.262219322391337606e+00
1.638012085106849813e+00,-1.841912227266112589e-01
-9.725989961094247960e+00,-6.526182443304646696e+00
-3.118901533480006538e+00,-1.673705216621037994e+00
-2.073885619939329406e+00,-4.448721314458600751e-03
-3.935391181404868988e+00,3.347524763385511193e+00
1.854703019232882166e+00,2.106498062142056482e-01
2.172331125575033717e+00,1.601793485509356740e+00
2.316398751252072508e+00,5.969928903089123384e-01
1.776778564187353027e+00,5.814393574986178592e-01
1.605751421638532017e+00,-2.218309869987221683e-01
2.631494124931568201e+00,2.258944811366555561e-01
1.882372596861149328e+00,2.375014316651099522e-01
-8.699851802010698520e+00,-4.366109274104086779e+00
-6.968460020310540237e+00,-4.859641663154512514e+00
-9.307371719440943991e+00,-4.764867166050290592e+00
-9.999526567377833075e+00,-4.483097302890031166e+00
-8.820503319337642978e+00,-5.971204525755202219e+00
1.536030631826895254e+00,1.949312827942790705e-01
1.510928878143840137e+00,7.485225054908030140e-01
1.420606137393543467e+00,8.958132822010609342e-01
1.501164324039005127e+00,8.401599083249272626e-02
2.851626396886743908e+00,7.132891332096985559e-02
-2.875258913315397180e+00,6.683690062187789271e-01
-9.512198437477108470e+00,-6.116890170607714339e+00
-3.588100831267785118e+00,-2.639824719868448355e+00
-1.086953219928601388e+00,-9.686898951589812956e-01
1.764639440188838559e+00,1.484334722843709820e-01
-1.043460309738496150e+01,-4.959452741266735742e+00
1.487705802247786702e+00,-3.316479082922327848e-01
-8.566376552055128712e+00,-3.987933978839668825e+00
-9.262537187576594278e+00,-5.072119255877643340e+00
-3.950615605358993143e+00,-1.771082658007145039e+00
-5.104739378370308778e+00,4.197902448628637595e-02
-8.338261619060512331e+00,-6.784566858424687652e+00
2.096185613132296233e+00,3.035506301076801305e-02
-1.003935520539906356e+01,-5.399475097920184652e+00
-8.502638906654320650e+00,-4.608682696754421215e+00
-3.196588628761328987e+00,8.719837459988293293e-01
2.129432305279703730e+00,-2.154328797617781621e-01
-9.408674879194808938e+00,-5.706670925944411721e+00
2.551027361245910008e+00,7.050504982799298270e-01
-6.979942908333954144e+00,1.971822033414561415e-01
-9.315208736373550735e+00,-6.685445979482482315e+00
-9.805868299022012735e+00,-5.981685352448353754e-01
-6.194138262283237495e+00,3.190838318335528889e+00
-6.714458537764892654e+00,8.463039105741885226e-01
2.459856889673980085e+00,4.830982979653881682e-01
-1.035876421797560987e+01,-5.186269009752710879e+00
2.761114878600672728e+00,7.085736018113263368e-01
-8.130436762907542914e+00,-6.569799089827350613e+00
-8.080540595864526665e+00,-6.708442533111306005e+00
-4.165194416468693817e+00,-9.607327732988188984e-01
-2.654731641449681767e+00,1.221767578916215374e-01
2.003732691655300435e+00,8.754046433560287443e-01
-5.658336312403293711e+00,-1.337840135079398918e-02
1.847220937295469545e+00,1.496761406943938333e+00
-1.009150037184327076e+01,-8.123904470502884223e+00
-8.941986829361786349e+00,-5.020903807127505836e+00
2.285363307883674366e+00,8.104772978770671266e-01
-8.697825729493379399e+00,-5.385024605338210257e+00
2.058249574373021140e+00,1.370926762901876206e-01
-4.925233341933288322e+00,-2.975683099344159643e+00
2.508111111466513332e+00,4.963226465433540624e-01
1.867716550455120972e+00,5.659645112104277898e-01
-9.869667348829922915e+00,-5.637152808774894552e+00
-8.391596650437367799e+00,-5.541852484920653410e+00
2.840720312904660982e+00,-1.225435198323965302e-01
-4.072967688951962373e+00,-2.060048582740307666e+00
2.022002856319320419e+00,1.605274175563173644e+00
1.821356260397494209e+00,1.062713238706206820e+00
1.858492682070072011e+00,8.651753880214267944e-01
-3.437564352843770266e+00,1.035912572383833830e+00
-2.751539189650375583e+00,3.018123729544465395e+00
-5.876858320283966819e+00,8.603418066746322257e-01
-9.444340943836563085e+00,-5.357890239122123255e+00
1.916059474439903543e+00,5.423393949436963180e-01
1.327784476270837732e+00,1.777245609832298623e-01
1.897548679603524135e+00,2.384860440399604875e-01
-8.970662252123258185e+00,-3.554526002584902145e+00
-1.816093532575800307e+00,-9.575898796068726959e-02
-4.864662703397859111e+00,-2.427380240580538029e+00
-2.880378531223412253e+00,1.704420507154553288e+00
1.732887440323920503e+00,9.279941524039403422e-02
-6.794741974907259063e+00,-3.528444163459510952e-01
-4.437551776899539391e+00,-6.199052194965887219e-02
-4.496768915673181155e+00,3.233473722728674282e+00
-9.850860042351857970e+00,-5.586032490265994355e+00
-1.072143172778081066e+01,-4.689778288484299118e+00
-6.100916513154983178e+00,-5.973044704455928722e-01
-4.312367894949478142e+00,2.518343670136506951e-01
-9.391198586667384163e+00,-6.976665785730745029e+00
-5.066894076728348573e+00,-2.054568435275966110e+00
-8.064756718003302183e+00,-4.609526024080472517e+00
-1.030393785182382871e+01,-3.774877489970949185e+00
-7.993266773807218506e+00,-9.986703404465959721e-01
-6.703468750241275309e+00,-4.221954020058783508e-01
-8.519623046984875714e+00,1.868097968919026020e+00
2.392615876629684557e+00,4.862199733124619727e-01
-3.657737180659219156e+00,1.608270783140324678e+00
-9.362718467411088596e+00,-5.436930999551608856e+00
-3.740360626452407633e+00,-2.807368745893087936e-01
-8.939546733282774937e+00,-4.709520650681000120e+00
-8.107701520733362699e+00,-5.628744187975103230e+00
1.659249045056789829e+00,1.490423355119613991e+00
-9.830604008503517122e+00,-6.363810908445995729e+00
-8.859004280101894224e+00,-5.655936234737886537e+00
-3.741383254340717723e+00,9.053830005882821386e-01
1.559683250814382971e+00,5.553816799079057676e-01
2.322688460156546952e+00,-2.651524922729681100e-01
1.841347348295236053e+00,-4.866260553613989126e-01
-8.588925973066226405e+00,-4.496360072710913869e+00
-4.560388806586515464e+00,1.556938295235319014e+00
1.842083493255995963e+00,-1.581613318152358394e-01
-4.886983550182264935e+00,1.346520595491543792e-01
-1.977324124867814614e+00,-5.507436490732944279e-01
-8.967632406831457459e+00,-5.118940256222421326e+00
-8.323286776508380669e+00,-5.908479060236226488e+00
2.062807863642496020e+00,-5.437162545466756036e-02
-6.957016518796102389e+00,-6.168294669202298408e+00
2.440997637376331575e+00,9.125426214917851109e-01
-9.647521934091228601e+00,-5.269310448426802296e+00
-7.151976649119726304e+00,-6.013683649809294707e+00
-5.134508992485367074e-01,-5.812895108927311760e-01
2.147226753321747061e+00,5.090601185188078359e-01
-2.731994056446596986e+00,7.967133043298560424e-03
-9.401961349262959899e+00,-6.259828868449949013e+00
-5.191607656704411156e+00,-8.320480204386440093e-01
1.631714369947391940e+00,4.892402251856891593e-01
1.706817969969915749e+00,-2.915431429896889748e-01
1.754897742553020556e+00,3.128359237608411281e-01
-2.805278116965908897e+00,-4.791094945455733889e-01
-3.744558882145554879e+00,6.186255726811445976e-01
2.085874294154095310e+00,-2.840873369235307200e-01
-6.515445534671620464e+00,-5.371132932696756512e+00
-4.874465421525261632e+00,-1.065148477613259148e+00
-8.688766161347611927e+00,-5.717160864828305655e+00
1.948621621141849891e+00,3.528848528635394333e-01
-8.756630089838131070e+00,-4.443267404369378504e+00
-3.685426238631021700e+00,6.853469616610434745e-01
-4.680952518908391369e+00,-3.529291439164401467e-01
-9.161177124808443040e+00,-5.303399279545377709e+00
-4.630761882564640608e+00,-7.299994164122611262e-02
-8.760557674131481676e+00,-5.608199593689230156e+00
-3.399697129362418302e+00,-2.130181139491963194e+00
1.730042181244087374e+00,1.164660406992968245e+00
-3.235735243527240179e+00,-2.810465410754570126e-01
2.363854912063592995e+00,1.581206776210091758e-01
-5.304111012541592451e+00,-1.097856065221873845e+00
2.576074757703695539e+00,6.129487037921546033e-01
-9.456082726666586780e+00,-4.271228079322207272e+00
-4.713940172867543410e+00,4.262548806808795498e-02
-3.091542311751321215e+00,4.440754467034797037e-01
-6.324564475108233275e+00,-6.806048595732583362e-01
-1.035315364407738770e+01,-6.618662170384913779e+00
1.513039171539716898e+00,7.544108162197753487e-01
1.745371264074884632e+00,4.418277554676897090e-01
-3.134514357385097316e+00,-2.027996121066255597e+00
-1.036560916107287511e+01,-3.793549538733106630e+00
2.249350528571016472e+00,3.569436868522581907e-01
-3.849972687362993362e+00,3.464111437195457888e-01
-1.063747260350863044e+01,-3.888318285671722663e+00
1.881308613588006606e+00,-1.408899030436306932e-01
-9.282386853122723380e+00,-5.244460287703558876e+00
2.039653522004435615e+00,2.443823457442168556e-01
-2.952112171298876930e+00,-1.184438521352153995e+00
1.959082909034555398e+00,9.839079756578408276e-01
2.181919767310210201e+00,1.425159449955648361e+00
-3.238828140822205714e+00,-1.959668257500544741e-01
1.025686848932084949e+00,1.120953680674120267e+00
2.258380017475626556e+00,8.713956982351361846e-01
-3.239787053068607925e+00,-1.293363960495029552e+00
2.462101163850575425e+00,-5.383226077530189890e-02
-9.191038134869440768e+00,-4.112440509701502656e+00
-9.321240108382660594e+00,-4.330096000075192464e+00
2.256008998550405931e+00,3.921251661754056039e-01
1.562057815003944805e+00,3.862890874384722895e-01
1.183365059072331249e+00,3.613394026170020368e-01
-2.718077948580309933e+00,-3.553490531499957084e-01
-1.105777622012085004e+01,-4.754306056893028654e+00
2.304924331941694327e+00,5.112414707904885391e-01
-9.016179234684077670e+00,-1.942754321909221815e+00
5.103318091892548036e-01,-1.933594453706899419e-02
-1.007513975744124224e+01,-5.166140659280097580e+00
-4.473406232417740824e+00,-5.166787926545519660e-01
1.882619715091792267e+00,3.812616933021157895e-01
2.535693562699207870e+00,-9.591304680926404647e-02
-9.664962792251834856e+00,-3.517326596932492055e+00
-3.224414487828044074e+00,-7.623449051781819863e-01
-1.068157290025556172e+01,-4.332099939714860071e+00
-3.696417873424842959e+00,-9.302002644853599733e-01
-6.286201115565322795e+00,-2.082469861742860529e-01
-6.808790846707651667e+00,-4.620629561952246611e+00
-3.980045733453917656e+00,1.224742642721378338e+00
2.482152157657410374e+00,4.719454613612429350e-01
-1.072644437393793559e+01,-5.145179614389151723e+00
-8.655885733467410859e+00,-4.696329894434854602e+00
1.332022225754957434e+00,2.111038979188613607e-01
1.004324112756859400e+00,-8.484019517687200196e-01
1.626542767630040354e+00,3.265494950750665870e-01
9.327918559207126759e-01,8.928633066798029594e-01
-8.539527060983598261e+00,-4.179547808307955137e+00
-7.970790797515642900e+00,-4.981230722901547558e+00
-9.013559699515337087e+00,-5.625264220501237311e+00
1.891968465642217101e+00,1.050655458706952317e+00
-3.822107232753697126e+00,-1.285140722171932648e+00
-9.412737280548077123e+00,-5.198149896659185920e+00
-9.191094723467150729e+00,-4.167130649499599215e+00
1.088807190727993701e+00,3.079598001368492044e-01
-6.381180508320987599e+00,-7.132654264522537702e-01
1.283832754335131110e+00,1.412549299450561957e+00
-9.355505497264683612e+00,-5.626137592323685155e+00
-1.045531004759479288e+01,-5.508388828267225534e+00
-7.325771780330898153e+00,-5.944625911348799363e+00
2.442061096669607245e+00,6.048749046190146084e-01
-7.403137026996488679e+00,-4.697283683548041822e+00
-6.522094197536732807e+00,-7.153571050341642756e-01
-1.092292963405381911e+01,-4.215832410998027413e+00
-8.579696002666977961e+00,-7.377091963899568228e+00
-7.483972085133247631e+00,-4.997666633348236687e+00
-9.348180028930856977e+00,-5.904305992652761681e+00
-5.396553963542003451e+00,-2.514174235260317136e+00
-5.168328002116719055e+00,-7.133337486519533144e-01
2.251354558936838224e+00,1.324242855012977005e-01
1.420079712469443312e+00,6.954431267922609461e-01
-9.511533410050558857e+00,-3.744241820563214862e+00
-8.615512405876497581e+00,-5.176937573418214811e+00
-4.913579772459375050e+00,-1.362310309205143621e+00
9.399010421157460993e-01,-7.258329521471906798e-01
-9.097713829009915543e+00,-6.403177618787764480e+00
-5.501946416664207362e+00,-2.723301010974942260e-01
1.883621815512372066e+00,4.249916923841352556e-01
-9.744184136056217582e+00,-6.083270113291654901e+00
2.599837324015795037e+00,3.669288182310558866e-01
-7.986165323672076433e+00,-2.885710413901879878e+00
-7.814106254157076492e+00,-4.949899007962928366e+00
-4.867356438261901452e+00,-1.857413474742592996e+00
-6.040121064133250783e+00,-2.447107079516138928e+00
-8.305725426267667189e+00,-5.050332426001561181e+00
1.275507140342008405e+00,6.500868906385209867e-01
-5.466277585371447145e+00,2.205512935712741207e+00
1.584005418508870777e+00,1.258051105160112648e+00
-7.316756669377688205e+00,-4.114941013824956251e+00
-1.475458146574470497e+00,1.029775331178219844e-01
2.211374469193162717e+00,6.470300271928968172e-01
1.471077501813140120e+00,8.644689321858655129e-01
1.581394319611797661e+00,4.088672340155818374e-01
-5.867806367732539385e+00,4.182639511403038468e-01
-4.925471090448754197e+00,-1.400168525935833186e-01
-5.642930682786500896e+00,3.543302968218138838e-01
8.915656193731471557e-01,5.277969364043021416e-01
-8.352969968244734034e+00,-6.136615090272411699e+00
-4.964599830560304738e+00,-9.707740984247039684e-01
-3.989407609410899447e+00,1.962982852204287754e-01
-8.753188343022701545e+00,-5.112567890249544611e+00
-1.038832199115139865e+01,-5.962169896256584778e+00
-5.965632043116045224e+00,8.615995322867686657e-01
-4.058380684468295918e+00,1.458130660550102098e+00
-5.660526112267861620e+00,-2.546994668088783387e-01
-4.159464340622599288e+00,2.325629759785497797e+00
-7.458683385030150603e+00,-4.801524159830924177e+00
1.727494259099243035e+00,-4.933515470803903069e-01
-3.260453924677835680e+00,-1.676347176774447334e+00
-1.656475267414491803e+00,-2.659917235260819135e-01
1.905696941418457246e+00,3.774725451791107744e-01
-6.646520793396225812e+00,6.468425740266410262e-01
-3.793818560322227640e+00,6.734786151699491130e-01
2.420355259580153628e+00,1.002769604781764690e+00
-9.614597138339844307e+00,-4.918487163969652798e+00
-9.408707072752182654e+00,-5.371872542545625961e+00
-8.973095687681601262e+00,-4.478943994938256346e+00
2.483183573786852616e+00,3.957483540401711131e-01
-8.011283357810148331e+00,-5.543339481799260504e+00
-8.041506985425520782e+00,-5.948699800360832235e+00
2.351952958064762900e+00,1.820714916376225401e-01
-6.005873400547955043e+00,-1.085347804388677728e+00
-8.631857905479922266e+00,-4.705688330278302800e+00
-9.046791364880068187e+00,-6.316021071610077975e+00
-5.856192704196891086e+00,-5.101181892430423082e-01
2.211957138462068873e+00,1.739847908711615876e+00
-9.848801758690910901e+00,-4.486347704963059790e+00
2.677197085651208397e+00,3.404897635684462909e-01
1.611768641987304740e+00,5.950947925236941272e-01
1.934723793129776048e+00,3.288088157956490232e-01
-5.564858661143341934e+00,-7.050110877900179762e-01
-8.296709473714280136e+00,-6.063887779276690537e+00
2.050623691950463900e+00,1.156769869526635075e+00
-8.179033143208343404e+00,-7.070875970108343012e+00
-3.964118784692476360e+00,-1.764186271510130577e-02
2.303239809400025706e+00,1.519113478026196673e-01
-7.395455518978677034e+00,-6.697694394830196352e+00
-3.422435212489371104e+00,-2.368724840145630117e-01
-4.355050377692151642e+00,-1.593719407532520504e+00
-9.451052989741972610e+00,-6.634013569562122292e+00
-8.768739149445773151e+00,-5.945912984088035813e+00
1.979596374103020695e+00,4.114554715474715851e-01
1.517702998700749761e+00,9.732286575812223450e-01
-9.571824405935474900e+00,-5.443755632005578882e+00
1.084240620187686410e+00,3.859252202093628736e-01
-4.756459121135672596e+00,9.652830926141994228e-01
-8.561400737723133147e+00,-6.044288586729508417e+00
-9.556751995009326706e+00,-5.169511810979945388e+00
-3.474610962285745952e+00,9.731883455444173547e-01
-1.001164581075060056e+01,-5.207454120549573240e+00
1.616340181136054266e+00,7.162572107395624998e-01
-3.479321412921922096e+00,1.175823890276378236e+00
1.731485395580439013e+00,1.220996451304339203e+00
1.561151309165003553e+00,5.770202014789321820e-01
1.392091332288506234e+00,6.747429248035937688e-01
-6.596014264715089226e+00,5.763652376592284243e-01
2.242610248084864644e+00,5.335464873006481312e-01
-7.972645785428618126e+00,-6.740516329707579857e+00
-5.218956696422293540e+00,-1.285115600241961697e-01
-8.713239213604730082e+00,-5.796294782233473164e+00
2.055995793878941935e+00,1.419556784228543367e-01
-7.357077112050665946e+00,-4.414195175787988035e+00
-1.031190400166770971e+01,-5.161900801536533301e+00
-4.259680367055699968e+00,-1.178350935461628168e+00
1.475515440926935984e+00,2.805533904377034427e-01
-6.555123040589222683e+00,-5.232586562631952321e-02
-9.067363764621442002e+00,-4.909175170379717734e+00
-4.378810872900911200e+00,7.182263292693211731e-01
-4.795905707065558410e+00,9.511093781448272111e-01
1.946031054569874685e+00,1.275095995640997959e-01
-9.354612986193355795e+00,-4.835358348067276602e+00
-9.913230301518854759e+00,-5.234074023867993475e+00
2.081567889150363282e+00,-6.677604737969451421e-01
-5.417943317210199616e+00,-9.177661071626115330e-01
-5.483114889786680379e+00,1.128609328148224122e+00
-6.257451356389905683e+00,-2.346430598105477383e+00
-3.083461083417676996e+00,1.960033353847148718e-01
-9.140521212368932780e+00,-5.074881075908981742e+00
-5.860892760028484361e+00,2.166965726673158787e+00
-8.055294029575875925e+00,-4.666673731160236649e+00
-7.496769904546037644e+00,-4.795778298355619640e+00
1.673927658349905645e+00,1.153849475908538258e-01
1.171026568808491763e+00,3.524466635484179156e-01
1.928967816380911859e+00,1.092047191004074547e+00
-4.878979709886552385e+00,-2.596327401980961791e-01
-8.021506458197926293e+00,-6.161022137205740101e+00
-3.491863976725893437e+00,-3.231166803583409020e-01
-4.425867607620945776e+00,1.244828176253301166e-01
-9.504834898224840956e+00,-8.090490544609412638e+00
2.468500882331748691e+00,1.785242301699012213e+00
-4.582033738481561258e+00,1.197511770326776581e+00
-9.296453786761940563e+00,-4.134620236460002651e+00
-7.880348970945751930e+00,-6.938514001868630210e+00
-1.020108041369319096e+01,-6.525425252567019108e+00
-4.929051503489387365e+00,-1.904924595045265345e+00
-5.913242452818770367e+00,5.146666606855636594e-01
-5.025535870699098240e+00,-4.241298451442534478e-01
2.159107424513312168e+00,2.765127554902644391e-01
-2.145558017989795285e+00,-1.780688868694632054e+00
-4.167263975392853759e+00,1.272469722327388642e+00
1.634999970635636402e+00,8.201022645471356398e-01
2.503125565868978164e+00,1.514701690116402100e+00
-9.213800434130227757e+00,-6.332982749082315621e+00
1.015311727149661447e+00,-4.755224626896151774e-01
-7.323691291379383905e+00,-4.890602793286128680e+00
-5.361790501127458697e+00,-8.513391264630933986e-01
-8.219400927003389867e+00,-5.084889086224349874e+00
2.060320059420065686e+00,3.909338132784272446e-01
-8.345052488310932048e+00,-4.792873040976458832e+00
-9.042310657417800712e+00,-5.732263799873051013e+00
-1.033911817383079068e+01,-6.604440668884864252e+00
1.838361188131841795e+00,4.529746493942852781e-01
1.712991462986237945e+00,2.846619451091969011e-01
-3.433374040543961669e+00,-4.709613919262616299e-01
1.413914753807598679e+00,6.142106776995748252e-01
-9.551956135955666838e+00,-5.411725191459647810e+00
-9.140738720198285705e+00,-6.542375119592003685e+00
1.558871930646261728e+00,-1.281508501996397875e-01
-1.019853524048041393e+01,-6.065784276793444008e+00
1.860972441207244810e+00,8.070225596528924905e-01
-4.674258332596465948e+00,3.424468460188742291e+00
2.114988517878877872e+00,-4.384664599531549189e-01
2.151265367934931838e+00,9.046033505081834125e-01
-3.541759823249643446e+00,5.686387139258677337e-01
-6.104945774944420478e+00,-8.960096671876317531e-01
2.056961844120103411e+00,9.945017719699378311e-01
-8.757387089360182841e+00,-5.356607165941064785e+00
-5.896387513645701794e+00,1.125082158873832894e+00
-9.127823491672513612e+00,-4.748580759862645273e+00
-9.820510293057667539e+00,-3.585189894509817954e+00
-1.508511069234689472e+00,1.702621771966867925e+00
-4.001850821811888892e+00,-1.492187823105774136e+00
-7.759078995358191122e+00,-5.679485594187775988e+00
-3.054358214916799152e+00,-1.122185470556682940e+00
-5.333336358364396013e+00,-3.162275897784301293e-01
-4.814191205739268398e+00,-5.621557497935876224e-01
-9.544538315668351203e+00,-6.249366720276562148e+00
-7.614981727355433883e+00,-6.588148000278866157e+00
-3.503101856303576955e+00,8.734314258829682931e-01
2.266524962917502606e+00,1.105354118025486665e+00
-3.887310362896655658e+00,1.320505901522049275e+00
-4.733986493954454033e+00,-1.011026780704238348e+00
-3.403478696984777230e+00,-2.166519703618104975e-01
-5.032676227730876306e+00,3.944687955149490111e-01
-4.847317711025340259e+00,-1.438088836670081250e+00
-8.859245793257752410e+00,-6.064276281155360770e+00
-6.147695105131763427e+00,-1.656384479389840236e-01
-9.808290079878373646e+00,-3.937633755971869931e+00
-9.323615049338670246e+00,-5.395308905574363934e+00
2.154677133007114609e+00,9.714281228340935215e-01
1.881445370259735128e+00,9.555506212437210323e-01
-1.892260050321101339e+00,-2.050115066859882762e-01
-8.728242566291887883e+00,-4.628572735118359205e+00
-6.235325987446107554e+00,1.490732997230691970e+00
-1.079492044570678466e+01,-5.300676911033646022e+00
-8.001410399388948491e+00,-5.679473563168302874e+00
2.361535666756989116e+00,-1.904326825670994427e-01
-8.978521561450426347e+00,-5.879767219522735289e+00
-7.693918803375312976e+00,-6.696189507641804539e+00
1.268726271759406776e+00,-2.568422370155821755e-01
1.890707022125812431e+00,4.615031323835246946e-01
-1.021480369373784391e+01,-6.611396107611877682e+00
1.878725064572932313e+00,5.123594757033943514e-01
-5.462377783584370761e+00,5.184693702041351937e-01
1.436870818542299810e+00,1.830960894152972029e-02
-9.575012602843793630e+00,-6.434044517891014614e+00
-9.571059163781894696e+00,-7.774756625737102134e+00
-2.754372310478709895e+00,-6.976660357699621118e-01
2.904356123695163827e+00,7.874979832165391880e-01
1.971927039025734629e+00,2.048810965754753743e-01
-2.803219019372001242e+00,1.397840696731848631e+00
1.636707189519644334e+00,4.569093632559761975e-01
2.183550589756678928e+00,-4.169128229188101553e-02
-7.631815133341803836e+00,-5.157675135614439021e+00
1.977712214586778483e+00,5.159362913285244767e-01
-4.467105629238636411e+00,3.677181525037520604e-01
2.959917052395862669e+00,-1.841845138351484445e-01
-8.621391943065267682e+00,-3.449249077542989816e+00
1.947190465973311246e+00,6.973646611346437929e-01
1.911151497970106306e+00,2.884054446725751175e-01
2.194602278327720590e+00,7.195118074480256753e-01
-8.417725796163743723e+00,-6.229585526125461570e+00
-7.556833620538483842e+00,-5.323416384848578708e+00
-9.186919761516774585e+00,-6.166236211075689866e+00
-8.591640454521410675e+00,-7.659349373516713300e+00
-2.856669128602086438e+00,-1.404275023863311933e+00
-8.716544196673396527e+00,-6.232189791373222931e+00
-2.136275120731699673e+00,7.655108087714721510e-01
-6.812256216427732269e+00,5.428616327772255445e-01
-7.368727063948766087e+00,-4.871292652965541592e+00
-8.334531952109930586e+00,-6.197112062659315690e+00
2.019324528275918240e+00,5.449754262396389048e-01
1.245131456081308263e+00,5.815969472624429315e-01
3.807760677073241062e+00,-6.669742554256505862e-01
-4.481035697306666066e+00,-6.503632297157349029e-01
-5.624853493756143408e+00,3.203937564374835789e-01
-2.821617157252102270e+00,-1.196752099210776965e+00
-9.958592399389567973e+00,-6.008756301443765047e+00
1.659654620788482804e+00,1.789337550270322930e-01
2.343276840047882725e+00,2.126426653215429674e-01
2.406653035487660741e+00,3.631056334849350198e-01
-4.460667804252191893e+00,-1.056176268012916974e+00
1.668921370744962385e+00,4.601756845552418262e-03
-2.895797426972681166e+00,-8.865373143122325938e-01
-8.451810325500799692e+00,-5.064127181046795378e+00
-2.989472016357824558e+00,-1.013134941186511595e+00
1.505244123239099618e+00,2.899975065580199241e-01
-9.671431658502365636e+00,-5.642545667069802207e+00
1.971792573809523441e+00,6.181094861980045430e-01
2.847134346432151020e+00,4.631609672764180896e-01
-8.199973510715521385e+00,-5.887542543180798837e+00
2.116968087480139982e+00,4.640582741653588861e-01
-1.041318571679793514e+01,-4.820458312228646847e+00
-3.517160638361169323e+00,-1.013924508707501726e+00
-5.353108452564462105e+00,2.506202954884854950e-02
-2.393928567288657661e+00,-1.003969296893068242e+00
2.735384777482705587e+00,3.686464887828025949e-01
3.451687740074905975e+00,1.076203319367676214e-01
1.742736783007075907e+00,5.371268823616437427e-01
-8.562029820761157595e+00,-4.959069159894120560e+00
2.449268741282724093e+00,7.800554083237348779e-02
1.692695521816030224e+00,1.163634175302121765e+00
2.158682879835659207e+00,1.487071657779240219e+00
-4.560790707923562337e+00,6.562714402060870755e-02
-7.666742105642784466e+00,-5.300097590323150420e+00
-9.763623148777259786e+00,-3.906115022757655986e+00
-9.473501563788637725e+00,-5.121444528891234249e+00
1.907563001920242973e+00,4.944106239858990781e-01
-3.701741120489459469e+00,-2.442861707855731312e-01
1.306167416747650245e+00,6.721072455108543231e-01
-9.257360803927399573e+00,-5.726545047774910024e+00
-2.160099600852331214e+00,1.010334637449445960e+00
-3.675417087635288738e+00,-1.105920464364118283e+00
2.509742177813011121e+00,7.897082166955093907e-01
2.535451987641557103e+00,1.018577251168294229e+00
-6.426144902941425485e+00,-4.137881889929545309e+00
2.925785847296563436e+00,7.877110854972153575e-01
-9.880275090503648272e+00,-6.253621505024417715e+00
-8.665415498271631378e+00,-5.811252951389692001e+00
1.501888334689467364e+00,6.217182060072443672e-01
1.855095373745541121e+00,9.351074502752576567e-02
1.019959745109622506e+00,1.058675339994064046e+00
-3.297482211517342776e+00,1.746438134213210258e+00
1.868112639249016160e+00,1.827422429368736889e-01
-4.911454459959053942e+00,2.509104609638646011e+00
-7.493760252168010894e+00,-1.205196484415843150e+00
-3.391145213287338311e+00,1.379653512819153827e+00
-8.386443489212274116e+00,-4.327126501407265735e+00
2.043861149495253215e+00,2.554024766237041888e-01
1.724225918902015264e+00,3.636276467171207782e-01
-8.767733411016617850e+00,-4.844528317784693172e+00
-7.318400254027321417e+00,-7.030334746236487575e+00
-3.365497653576990267e+00,5.202103119503910245e-01
-9.100447915346061123e+00,-6.985585374701667405e+00
-8.724316346978705283e+00,-6.379186454113567883e+00
-8.027044108387448418e+00,-6.416653549019713410e+00
8.276527879315749292e-01,1.179846394587310554e-01
-8.999334966117670476e+00,-5.154267793142711440e+00
-7.543518372095042501e+00,-7.268347584191338306e+00
2.247087360769548514e+00,1.159622971993257146e+00
-1.378292190618229274e+00,7.217389430367008307e-01
-1.049906921165079865e+01,-5.585608830789271728e+00
-2.816620912757472617e+00,9.975689463634617171e-01
-9.344817855778975613e+00,-7.181969170602655161e+00
-5.403399341404822032e+00,-1.261794791959010453e+00
-6.225158957267314719e+00,1.782316765490683519e+00
-7.990366325280351845e+00,-5.347131046114068198e+00
-3.819096567047044477e+00,-4.370036383764607235e-01
-4.245387742446247614e+00,7.983300288934205291e-01
-3.698058903897225136e+00,-6.047317393196058877e-01
-7.695036813946650511e+00,-4.009005118515794663e+00
-7.351413642471984922e+00,4.214929042836595974e-01
-8.239132131315438201e+00,2.594195346089124277e-01
-1.070869224355271143e+01,-4.426016015310635154e+00
-2.484565352753740353e+00,-7.112097768041460988e-01
1.618064833226965371e+00,8.039048665664199067e-01
-4.297451263662448895e+00,6.914067128305252385e-01
2.909140376933461170e+00,1.151476010559254526e+00
-7.445806250568856477e+00,-4.927943711318326869e+00
1.374736672824734551e+00,2.966401947533831018e-02
1.596258359702725782e+00,4.432549024390448622e-01
1.806635812784271433e+00,1.030138599987724390e+00
-8.160561055177547374e+00,-4.756345467354639922e+00
-4.667891489794557813e+00,-3.516466831037765584e-01
1.540278890394620959e+00,-6.837948815229217825e-01
-1.025059928843560897e+01,-6.110645346048932502e+00
-9.060212281729210559e+00,-4.167501202128092608e+00
2.038176103262231198e+00,9.495652214542371627e-01
-4.158552316488686174e+00,8.868015274733342945e-01
1.581595335628550592e+00,9.131368837675901684e-03
5.923037354420745970e-01,8.696259379415038904e-02
2.112576410781819014e+00,5.672267199110986313e-02
1.774272269351900189e+00,1.202057677156850302e+00
-9.609525689436697604e+00,-5.667379094064619593e+00
-4.539093340169426227e+00,7.941168466282280680e-02
-5.376502981725842290e+00,2.201908870376477978e+00
1.854476933785585757e+00,1.349366616930005591e+00
-1.008833318710565941e+01,-5.011799147923784226e+00
2.145991214356694154e+00,2.353265336131395991e-01
-8.527192166934884909e+00,-6.726876241286413816e+00
-3.798616830589508275e+00,1.381779039157884137e+00
1.649903434663666513e+00,-2.011778684877766343e-01
7.923066076897391508e-01,6.086888779496544277e-01
1.912263422371188959e+00,2.532739913009123267e-01
